{ "frames": {
   "traderidleidle 0.aseprite": {
    "frame": { "x": 0, "y": 0, "w": 20, "h": 40 },
    "rotated": false,
    "trimmed": false,
    "spriteSourceSize": { "x": 0, "y": 0, "w": 20, "h": 40 },
    "sourceSize": { "w": 20, "h": 40 },
    "duration": 160
   },
   "traderidleidle 1.aseprite": {
    "frame": { "x": 20, "y": 0, "w": 20, "h": 40 },
    "rotated": false,
    "trimmed": false,
    "spriteSourceSize": { "x": 0, "y": 0, "w": 20, "h": 40 },
    "sourceSize": { "w": 20, "h": 40 },
    "duration": 160
   },
   "traderidleidle 2.aseprite": {
    "frame": { "x": 40, "y": 0, "w": 20, "h": 40 },
    "rotated": false,
    "trimmed": false,
    "spriteSourceSize": { "x": 0, "y": 0, "w": 20, "h": 40 },
    "sourceSize": { "w": 20, "h": 40 },
    "duration": 160
   },
   "traderidleidle 3.aseprite": {
    "frame": { "x": 60, "y": 0, "w": 20, "h": 40 },
    "rotated": false,
    "trimmed": false,
    "spriteSourceSize": { "x": 0, "y": 0, "w": 20, "h": 40 },
    "sourceSize": { "w": 20, "h": 40 },
    "duration": 160
   },
   "traderidleidle 4.aseprite": {
    "frame": { "x": 80, "y": 0, "w": 20, "h": 40 },
    "rotated": false,
    "trimmed": false,
    "spriteSourceSize": { "x": 0, "y": 0, "w": 20, "h": 40 },
    "sourceSize": { "w": 20, "h": 40 },
    "duration": 160
   }
 },
 "meta": {
  "app": "https://www.aseprite.org/",
  "version": "1.3.2-x64",
  "format": "RGBA8888",
  "size": { "w": 100, "h": 40 },
  "scale": "1",
  "frameTags": [
  ],
  "layers": [
   { "name": "Layer 3 Copy Copy", "opacity": 255, "blendMode": "normal" }
  ],
  "slices": [
  ]
 }
}
